{"name":"e0271679-cb9e-10da-956a-22fb7f1ff02a","id":"/providers/Microsoft.Flow/flows/e0271679-cb9e-10da-956a-22fb7f1ff02a","type":"Microsoft.Flow/flows","properties":{"apiId":"/providers/Microsoft.PowerApps/apis/shared_logicflows","displayName":"CO-2986-Export To Excel-Kanban Requests","definition":{"metadata":{"workflowEntityId":"0565d25e-93fd-ef11-bae3-000d3a694ca7","processAdvisorMetadata":null,"flowChargedByPaygo":null,"flowclientsuspensionreason":"None","flowclientsuspensiontime":null,"flowclientsuspensionreasondetails":null,"creator":{"id":"b0c299d7-77f9-4c36-9ef2-94a72a1e54fa","type":"User","tenantId":"c2bc6cae-7bbb-4cda-9ebc-2076949bbc8d"},"provisioningMethod":"FromDefinition","failureAlertSubscription":true,"clientLastModifiedTime":"2025-05-30T15:37:27.0349524Z","connectionKeySavedTimeKey":"2025-05-30T15:37:27.0349524Z","creationSource":null},"$schema":"https://schema.management.azure.com/providers/Microsoft.Logic/schemas/2016-06-01/workflowdefinition.json#","contentVersion":"1.0.0.0","parameters":{"$connections":{"defaultValue":{},"type":"Object"},"$authentication":{"defaultValue":{},"type":"SecureObject"}},"triggers":{"manual":{"metadata":{"operationMetadataId":"0f93835d-a00d-48ef-897c-697f9558a0c7"},"type":"Request","kind":"PowerAppV2","inputs":{"schema":{"type":"object","properties":{"text":{"title":"Input","type":"string","x-ms-dynamically-added":true,"description":"Please enter your input","x-ms-content-hint":"TEXT"}},"required":["text"]}}}},"actions":{"Get_items":{"runAfter":{},"metadata":{"operationMetadataId":"e1ada85f-2244-4156-bf0a-0078b56a3a35"},"type":"OpenApiConnection","inputs":{"host":{"apiId":"/providers/Microsoft.PowerApps/apis/shared_sharepointonline","connectionName":"shared_sharepointonline_1","operationId":"GetItems"},"parameters":{"dataset":"https://catalent.sharepoint.com/sites/KanbanMaterialRequests","table":"c70d0d24-47a6-43f3-8634-593bf4f0fa5b","$filter":"Status eq '@{triggerBody()['text']}'","$top":2000,"view":"e35898e2-4094-4e26-9960-2defe2ec4121"},"authentication":"@parameters('$authentication')"}},"FinalDataArray":{"runAfter":{"Get_items":["Succeeded"]},"metadata":{"operationMetadataId":"f61ee731-20bd-46c9-96d2-b7a293c7a1a7"},"type":"InitializeVariable","inputs":{"variables":[{"name":"FinalDataArray","type":"array"}]}},"Apply_to_each":{"foreach":"@outputs('Get_items')?['body/value']","actions":{"Get_items_2":{"runAfter":{},"metadata":{"operationMetadataId":"f8b2e63f-5d29-4c8b-aa8f-3efb6e9d4dea"},"type":"OpenApiConnection","inputs":{"host":{"apiId":"/providers/Microsoft.PowerApps/apis/shared_sharepointonline","connectionName":"shared_sharepointonline","operationId":"GetItems"},"parameters":{"dataset":"https://catalent.sharepoint.com/sites/KanbanMaterialRequests","table":"b5823cc1-623b-4044-9497-04f6fd67d7f5","$filter":"MaterialRequestID eq @{items('Apply_to_each')?['ID']}"},"authentication":"@parameters('$authentication')"}},"Apply_to_each_2":{"foreach":"@outputs('Get_items_2')?['body/value']","actions":{"Append_to_array_variable":{"runAfter":{},"metadata":{"operationMetadataId":"1a9ae532-a9de-4347-adbe-d14c6f2ffe1a"},"type":"AppendToArrayVariable","inputs":{"name":"FinalDataArray","value":{"Status":"@items('Apply_to_each')?['Status/Value']","OrderNumber":"@items('Apply_to_each')?['ID']","RequestorsName":"@items('Apply_to_each')?['RequestorsName/DisplayName']","DateRequested":"@formatDateTime(items('Apply_to_each')?['DateandTimeRequested'],'MM/dd/yyyy')","TimeRequested":"@formatDateTime(\r\n  convertTimeZone(items('Apply_to_each')?['DateandTimeRequested'], 'UTC', 'Eastern Standard Time'),\r\n  'hh:mm tt'\r\n)","Location":"@items('Apply_to_each')?['Location_x0023_']","OrderType":"@items('Apply_to_each')?['OrderType/Value']","MaterialType":"@items('Apply_to_each')?['MaterialType/Value']","Client #":"@items('Apply_to_each')?['Client_x0023_']","Picklist":"@items('Apply_to_each')?['Picklist_x0023_']","Transfer#":"@items('Apply_to_each')?['Transfer_x0023_']","PlannerName":"@items('Apply_to_each')?['PlannerName/DisplayName']","GMPCode":"@items('Apply_to_each_2')?['GMPCode']","GMPDescription":"@items('Apply_to_each_2')?['GMPDescription']","RequestedQuantity":"@items('Apply_to_each_2')?['RequestedQuantity']","UnitofMeasure":"@items('Apply_to_each_2')?['UnitofMeasure/Value']","Deliveredto":"@items('Apply_to_each')?['DeliveredtoMFGby/DisplayName']"}}}},"runAfter":{"Get_items_2":["Succeeded"]},"metadata":{"operationMetadataId":"86a1b852-17fd-45be-9ba0-6d971cc95756"},"type":"Foreach"}},"runAfter":{"FinalDataArray":["Succeeded"]},"metadata":{"operationMetadataId":"792418b4-5f56-4177-96ac-722fc5afb3cc"},"type":"Foreach"},"Create_CSV_table":{"runAfter":{"Apply_to_each":["Succeeded"]},"metadata":{"operationMetadataId":"4c41469c-3efb-403a-a6ad-d852b9634361"},"type":"Table","inputs":{"from":"@variables('FinalDataArray')","format":"CSV"}},"Create_file":{"runAfter":{"Create_CSV_table":["Succeeded"]},"metadata":{"operationMetadataId":"b6ce4d2f-5517-4302-88bf-1fdf74e673ad"},"type":"OpenApiConnection","inputs":{"host":{"apiId":"/providers/Microsoft.PowerApps/apis/shared_onedriveforbusiness","connectionName":"shared_onedriveforbusiness","operationId":"CreateFile"},"parameters":{"folderPath":"/","name":"MaterialRequests_@{utcNow()}.csv","body":"@body('Create_CSV_table')"},"authentication":"@parameters('$authentication')"},"runtimeConfiguration":{"contentTransfer":{"transferMode":"Chunked"}}},"Create_share_link":{"runAfter":{"Create_file":["Succeeded"]},"metadata":{"operationMetadataId":"1b8e3349-1117-4114-8bb2-fa8e1363b5f0"},"type":"OpenApiConnection","inputs":{"host":{"apiId":"/providers/Microsoft.PowerApps/apis/shared_onedriveforbusiness","connectionName":"shared_onedriveforbusiness","operationId":"CreateShareLinkV2"},"parameters":{"id":"@outputs('Create_file')?['body/Id']","type":"Edit","scope":"Organization"},"authentication":"@parameters('$authentication')"}},"Respond_to_a_Power_App_or_flow":{"runAfter":{"Create_share_link":["Succeeded"]},"metadata":{"operationMetadataId":"3dd41d7f-69bd-41b5-8e90-a0f0d3b726b0"},"type":"Response","kind":"PowerApp","inputs":{"statusCode":200,"body":{"link":"@outputs('Create_share_link')?['body/WebUrl']"},"schema":{"type":"object","properties":{"link":{"title":"link","x-ms-dynamically-added":true,"type":"string"}}}}}}},"connectionReferences":{"shared_sharepointonline_1":{"connectionName":"shared-sharepointonl-406c2e1d-68e1-498d-807d-245f10a653b7","source":"Embedded","id":"/providers/Microsoft.PowerApps/apis/shared_sharepointonline","tier":"NotSpecified","apiName":"sharepointonline","isProcessSimpleApiReferenceConversionAlreadyDone":false},"shared_sharepointonline":{"connectionName":"shared-sharepointonl-406c2e1d-68e1-498d-807d-245f10a653b7","source":"Embedded","id":"/providers/Microsoft.PowerApps/apis/shared_sharepointonline","tier":"NotSpecified","apiName":"sharepointonline","isProcessSimpleApiReferenceConversionAlreadyDone":false},"shared_onedriveforbusiness":{"connectionName":"shared-onedriveforbu-c1308a15-4c4a-4588-857b-255614e2233c","source":"Embedded","id":"/providers/Microsoft.PowerApps/apis/shared_onedriveforbusiness","tier":"NotSpecified","apiName":"onedriveforbusiness","isProcessSimpleApiReferenceConversionAlreadyDone":false}},"flowFailureAlertSubscribed":false,"isManaged":false}}