{"schemaVersion":"1.0","appDefinitionTemplate":{"id":"/providers/Microsoft.PowerApps/apps/","type":"Microsoft.PowerApps/apps","tags":{"primaryDeviceWidth":"2200","primaryDeviceHeight":"900","supportsPortrait":"true","supportsLandscape":"true","primaryFormFactor":"Tablet","showStatusBar":"false","publisherVersion":"3.25053.6","minimumRequiredApiVersion":"2.2.0","hasComponent":"false","hasUnlockedComponent":"false","isUnifiedRootApp":"false","sienaVersion":"20250611T131128Z-3.25053.6.0"},"properties":{"appVersion":"2025-06-11T13:11:28Z","lifeCycleId":"Published","createdByClientVersion":{"major":3,"minor":25053,"build":6,"revision":0,"majorRevision":0,"minorRevision":0},"minClientVersion":{"major":3,"minor":25053,"build":6,"revision":0,"majorRevision":0,"minorRevision":0},"backgroundColor":"RGBA(0,176,240,1)","backgroundImageUri":"/17526410241435483159/Nb483469f-8f25-4067-ab30-bb19cb36db7f-logoSmallFile","displayName":"Kanban Material Requests","description":"","commitMessage":"","appUris":{"documentUri":{"value":"/17526410241435483159/Ncbdaa8a0-9bb8-42e2-8333-2b79883c1569-document.msapp"},"imageUris":[],"additionalUris":[{"isSolutionAware":false,"value":"/17526410241435483159/N4b06d233-dcb8-459f-9bb4-38ef72a2af77-identity.json"}]},"createdTime":"0001-01-01T00:00:00Z","lastModifiedTime":"0001-01-01T00:00:00Z","sharedGroupsCount":0,"sharedUsersCount":0,"connectionReferences":{"0c84a1c9-eb64-48a2-aac6-67e29151390d":{"id":"29dd0489-1edd-4943-834a-573779b3c1eb","displayName":"Logic flows","iconUri":"https://conn-afd-prod-endpoint-bmc9bqahasf3grgk.b01.azurefd.net/v1.0.1752/1.0.1752.4216/logicflows/icon.png","dataSources":["CO-2986-ExportToExcel-KanbanRequests"],"dependencies":["3036ed37-2cd0-4cbc-a282-18ef15a7e65f"],"dependents":[],"parameterHints":{"workflowName":{"value":"033374df-6e85-4db4-a57b-2e13b2564bbd"},"workflowEntityId":{"value":"0565d25e-93fd-ef11-bae3-000d3a694ca7"},"workflowDisplayName":{"value":"CO-2986-Export To Excel-Kanban Requests"},"3036ed37-2cd0-4cbc-a282-18ef15a7e65f":{"value":"shared_sharepointonline_1"}},"parameterHintsV2":{"workflowName":{"value":"033374df-6e85-4db4-a57b-2e13b2564bbd"},"workflowEntityId":{"value":"0565d25e-93fd-ef11-bae3-000d3a694ca7"},"workflowDisplayName":{"value":"CO-2986-Export To Excel-Kanban Requests"},"shared_sharepointonline_1":{"value":"3036ed37-2cd0-4cbc-a282-18ef15a7e65f"}},"isOnPremiseConnection":false,"bypassConsent":false,"dataSets":{},"apiTier":"Standard","isCustomApiConnection":false,"actions":["Run"],"nestedActions":[{"id":"/providers/Microsoft.PowerApps/apis/shared_sharepointonline/apiOperations/GetItems","flowConnectionRef":"shared_sharepointonline_1","apiName":"SharePoint","actionName":"GetItems","referencedResources":[{"key":"site","value":"https://catalent.sharepoint.com/sites/KanbanMaterialRequests"},{"key":"list","value":"c70d0d24-47a6-43f3-8634-593bf4f0fa5b"},{"key":"site","value":"https://catalent.sharepoint.com/sites/KanbanMaterialRequests"},{"key":"list","value":"b5823cc1-623b-4044-9497-04f6fd67d7f5"},{"key":"site","value":"https://catalent.sharepoint.com/sites/KanbanMaterialRequests"}]},{"id":"/providers/Microsoft.PowerApps/apis/shared_sharepointonline/apiOperations/GetItems","flowConnectionRef":"shared_sharepointonline","apiName":"SharePoint","actionName":"GetItems","referencedResources":[{"key":"site","value":"https://catalent.sharepoint.com/sites/KanbanMaterialRequests"},{"key":"list","value":"c70d0d24-47a6-43f3-8634-593bf4f0fa5b"},{"key":"site","value":"https://catalent.sharepoint.com/sites/KanbanMaterialRequests"},{"key":"list","value":"b5823cc1-623b-4044-9497-04f6fd67d7f5"},{"key":"site","value":"https://catalent.sharepoint.com/sites/KanbanMaterialRequests"}]},{"id":"/providers/Microsoft.PowerApps/apis/shared_onedriveforbusiness/apiOperations/CreateFile","flowConnectionRef":"shared_onedriveforbusiness","apiName":"OneDrive for Business","actionName":"CreateFile","referencedResources":[]},{"id":"/providers/Microsoft.PowerApps/apis/shared_onedriveforbusiness/apiOperations/CreateShareLinkV2","flowConnectionRef":"shared_onedriveforbusiness","apiName":"OneDrive for Business","actionName":"CreateShareLinkV2","referencedResources":[{"key":"fileId","value":"@outputs('Create_file')?['body/Id']"}]}]},"3036ed37-2cd0-4cbc-a282-18ef15a7e65f":{"id":"ad7b731a-72c4-4ffe-a865-b9e4db95cb9f","displayName":"SharePoint","iconUri":"https://conn-afd-prod-endpoint-bmc9bqahasf3grgk.b01.azurefd.net/releases/v1.0.1746/1.0.1746.4174/sharepointonline/icon.png","dataSources":["Clients","GMP Codes","MaterialRequests","GMP Items","Teams_Test"],"dependencies":[],"dependents":["0c84a1c9-eb64-48a2-aac6-67e29151390d"],"parameterHints":{},"parameterHintsV2":{},"isOnPremiseConnection":false,"bypassConsent":false,"dataSets":{"https://catalent.sharepoint.com/sites/KanbanMaterialRequests/":{"dataSources":{"Clients":{"tableName":"60376e0e-307c-4fe7-a24d-858edfb4ae15"},"GMP Codes":{"tableName":"7dd47252-e76b-4896-8066-3066ca76aabb"},"MaterialRequests":{"tableName":"c70d0d24-47a6-43f3-8634-593bf4f0fa5b"}}},"https://catalent.sharepoint.com/sites/KanbanMaterialRequests":{"dataSources":{"GMP Items":{"tableName":"b5823cc1-623b-4044-9497-04f6fd67d7f5"},"Teams_Test":{"tableName":"70ce8db2-e0fa-4b87-a42c-95944e626fe4"}}}},"apiTier":"Standard","isCustomApiConnection":false,"actions":["providers/PowerPlatform.Governance/Operations/Read","providers/PowerPlatform.Governance/Operations/Write"]},"868ea1b9-9d93-4e8b-ac69-e77bfce1bf15":{"id":"29dd0489-1edd-4943-834a-573779b3c1eb","displayName":"Logic flows","iconUri":"https://conn-afd-prod-endpoint-bmc9bqahasf3grgk.b01.azurefd.net/v1.0.1752/1.0.1752.4216/logicflows/icon.png","dataSources":["CO-2986-ExportToExcel-KanbanRequestsIMSAteam"],"dependencies":[],"dependents":[],"parameterHints":{"workflowName":{"value":"c9fff796-85ee-4b47-a5fe-79d72cfa36c9"},"workflowEntityId":{"value":"244abe12-010b-f011-bae3-000d3a694ca7"},"workflowDisplayName":{"value":"CO-2986-Export To Excel-Kanban Requests IMSA team"}},"parameterHintsV2":{"workflowName":{"value":"c9fff796-85ee-4b47-a5fe-79d72cfa36c9"},"workflowEntityId":{"value":"244abe12-010b-f011-bae3-000d3a694ca7"},"workflowDisplayName":{"value":"CO-2986-Export To Excel-Kanban Requests IMSA team"}},"isOnPremiseConnection":false,"bypassConsent":false,"dataSets":{},"apiTier":"Standard","isCustomApiConnection":false,"actions":["Run"],"nestedActions":[{"id":"/providers/Microsoft.PowerApps/apis/shared_sharepointonline/apiOperations/GetItems","flowConnectionRef":"shared_sharepointonline_1","apiName":"SharePoint","actionName":"GetItems","referencedResources":[{"key":"site","value":"https://catalent.sharepoint.com/sites/KanbanMaterialRequests"},{"key":"list","value":"c70d0d24-47a6-43f3-8634-593bf4f0fa5b"},{"key":"site","value":"https://catalent.sharepoint.com/sites/KanbanMaterialRequests"},{"key":"list","value":"b5823cc1-623b-4044-9497-04f6fd67d7f5"},{"key":"site","value":"https://catalent.sharepoint.com/sites/KanbanMaterialRequests"}]},{"id":"/providers/Microsoft.PowerApps/apis/shared_sharepointonline/apiOperations/GetItems","flowConnectionRef":"shared_sharepointonline","apiName":"SharePoint","actionName":"GetItems","referencedResources":[{"key":"site","value":"https://catalent.sharepoint.com/sites/KanbanMaterialRequests"},{"key":"list","value":"c70d0d24-47a6-43f3-8634-593bf4f0fa5b"},{"key":"site","value":"https://catalent.sharepoint.com/sites/KanbanMaterialRequests"},{"key":"list","value":"b5823cc1-623b-4044-9497-04f6fd67d7f5"},{"key":"site","value":"https://catalent.sharepoint.com/sites/KanbanMaterialRequests"}]},{"id":"/providers/Microsoft.PowerApps/apis/shared_onedriveforbusiness/apiOperations/CreateFile","flowConnectionRef":"shared_onedriveforbusiness","apiName":"OneDrive for Business","actionName":"CreateFile","referencedResources":[]},{"id":"/providers/Microsoft.PowerApps/apis/shared_onedriveforbusiness/apiOperations/CreateShareLinkV2","flowConnectionRef":"shared_onedriveforbusiness","apiName":"OneDrive for Business","actionName":"CreateShareLinkV2","referencedResources":[{"key":"fileId","value":"@outputs('Create_file')?['body/Id']"}]}]}},"databaseReferences":{},"almMode":"Solution","performanceOptimizationEnabled":false,"canConsumeAppPass":false,"enableModernRuntimeMode":false,"executionRestrictions":{"isTeamsOnly":false,"dataLossPreventionEvaluationResult":{"status":"Compliant","lastEvaluationDate":"2025-06-11T13:13:11.9862309Z","violations":[],"violationsByPolicy":[],"violationErrorMessage":"The app uses the following connectors: shared_logicflows, shared_sharepointonline."},"httpActionRestriction":{"appUsesSharepointHttpAction":false,"enforcementStrategy":"Legacy","evaluationTime":"2025-06-11T13:13:11.9860481Z"}}},"isAppComponentLibrary":false,"appType":"ClassicCanvasApp","appComponents":[]}}